{
  "0": 0.2721868600210328,
  "1": 2.8757894736842107,
  "2": 1.327645788336933,
  "3": 8.048445171849426,
  "4": 9.914516129032258
}