{
  "model_name": "se_resnet",
  "total_samples": 5269,
  "accuracy": 0.7428354526475612,
  "precision_macro": 0.4390711226006269,
  "recall_macro": 0.26646924208339917,
  "f1_macro": 0.27232352878623534,
  "precision_weighted": 0.6339057343899257,
  "recall_weighted": 0.7428354526475612,
  "f1_weighted": 0.6532237423142717,
  "per_class": {
    "No_DR": {
      "precision": 0.754720692368214,
      "recall": 0.9909607438016529,
      "f1": 0.856855739169272,
      "support": 3872
    },
    "Mild": {
      "precision": 0.0,
      "recall": 0.0,
      "f1": 0.0,
      "support": 366
    },
    "Moderate": {
      "precision": 0.36507936507936506,
      "recall": 0.05793450881612091,
      "f1": 0.1,
      "support": 794
    },
    "Severe": {
      "precision": 0.5555555555555556,
      "recall": 0.03816793893129771,
      "f1": 0.07142857142857144,
      "support": 131
    },
    "Proliferative": {
      "precision": 0.52,
      "recall": 0.24528301886792453,
      "f1": 0.3333333333333333,
      "support": 106
    }
  },
  "confusion_matrix": [
    [
      3837,
      0,
      25,
      0,
      10
    ],
    [
      361,
      0,
      4,
      0,
      1
    ],
    [
      739,
      0,
      46,
      2,
      7
    ],
    [
      89,
      0,
      31,
      5,
      6
    ],
    [
      58,
      0,
      20,
      2,
      26
    ]
  ]
}