{
  "loss": [
    0.8618924021720886,
    0.8197872638702393,
    0.812994658946991,
    0.8066731095314026,
    0.8045497536659241,
    0.8021838068962097,
    0.7987865805625916,
    0.7956588864326477,
    0.7826200127601624,
    0.7781586647033691,
    0.7727084755897522,
    0.7684710621833801,
    0.7648685574531555
  ],
  "accuracy": [
    0.7347893118858337,
    0.7414186000823975,
    0.7432080507278442,
    0.7453635931015015,
    0.7460142970085144,
    0.7472751140594482,
    0.7477631568908691,
    0.7496746182441711,
    0.7526028752326965,
    0.7538636922836304,
    0.7534569501876831,
    0.7561818957328796,
    0.7567919492721558
  ],
  "val_loss": [
    1.182590126991272,
    1.206868052482605,
    1.0838180780410767,
    1.174423098564148,
    1.1449567079544067,
    1.3843166828155518,
    1.3123703002929688,
    1.1400765180587769,
    1.1345627307891846,
    1.0947426557540894,
    1.1526871919631958,
    1.1357290744781494,
    1.2086987495422363
  ],
  "val_accuracy": [
    0.7388498783111572,
    0.7363826036453247,
    0.7428354620933533,
    0.7437844276428223,
    0.7409375309944153,
    0.7388498783111572,
    0.7430252432823181,
    0.7439742088317871,
    0.7468210458755493,
    0.747200608253479,
    0.7494781017303467,
    0.750237226486206,
    0.7498576641082764
  ],
  "lr": [
    0.0010000000474974513,
    0.0010000000474974513,
    0.0010000000474974513,
    0.0010000000474974513,
    0.0010000000474974513,
    0.0010000000474974513,
    0.0010000000474974513,
    0.0010000000474974513,
    0.0005000000237487257,
    0.0005000000237487257,
    0.0005000000237487257,
    0.0005000000237487257,
    0.0005000000237487257
  ]
}