{
  "model_name": "se_resnet",
  "training_date": "2026-01-02T15:58:48.507816",
  "epochs": 50,
  "learning_rate": 0.001,
  "input_shape": [
    224,
    224,
    3
  ],
  "num_classes": 5,
  "final_metrics": {
    "train_loss": 0.7648685574531555,
    "train_accuracy": 0.7567919492721558,
    "val_loss": 1.2086987495422363,
    "val_accuracy": 0.7498576641082764
  }
}