{
  "model_name": "mobilenetv2",
  "total_samples": 5269,
  "accuracy": 0.44676409185803756,
  "precision_macro": 0.357999787583918,
  "recall_macro": 0.41368861649738464,
  "f1_macro": 0.34394267881819124,
  "precision_weighted": 0.7048756551682507,
  "recall_weighted": 0.44676409185803756,
  "f1_weighted": 0.5135035755427769,
  "per_class": {
    "No_DR": {
      "precision": 0.8776541961577351,
      "recall": 0.44834710743801653,
      "f1": 0.5935042735042735,
      "support": 3872
    },
    "Mild": {
      "precision": 0.09162303664921466,
      "recall": 0.3825136612021858,
      "f1": 0.14783526927138332,
      "support": 366
    },
    "Moderate": {
      "precision": 0.2769121813031161,
      "recall": 0.4924433249370277,
      "f1": 0.35448776065276516,
      "support": 794
    },
    "Severe": {
      "precision": 0.18666666666666668,
      "recall": 0.32061068702290074,
      "f1": 0.2359550561797753,
      "support": 131
    },
    "Proliferative": {
      "precision": 0.35714285714285715,
      "recall": 0.42452830188679247,
      "f1": 0.3879310344827586,
      "support": 106
    }
  },
  "confusion_matrix": [
    [
      1736,
      1203,
      831,
      65,
      37
    ],
    [
      127,
      140,
      96,
      1,
      2
    ],
    [
      112,
      162,
      391,
      94,
      35
    ],
    [
      1,
      21,
      60,
      42,
      7
    ],
    [
      2,
      2,
      34,
      23,
      45
    ]
  ]
}