{
  "model_name": "mobilenetv2",
  "training_date": "2026-01-07T11:53:42.778302",
  "epochs": 30,
  "learning_rate": 0.0001,
  "input_shape": [
    224,
    224,
    3
  ],
  "num_classes": 5,
  "final_metrics": {
    "train_loss": 0.6851451992988586,
    "train_accuracy": 0.5557996034622192,
    "val_loss": 1.2161058187484741,
    "val_accuracy": 0.4674511253833771
  }
}