{
  "loss": [
    1.9698104858398438,
    1.7336844205856323,
    1.5939819812774658,
    1.4957715272903442,
    1.4448562860488892,
    1.3577585220336914,
    1.3193641901016235,
    1.2874232530593872,
    1.2580395936965942,
    1.219098448753357,
    1.184712529182434,
    1.158007264137268,
    1.1176573038101196,
    1.0985015630722046,
    1.0783824920654297,
    1.0368138551712036,
    1.0120790004730225,
    0.9768610000610352,
    0.963830828666687,
    0.942393958568573,
    0.9177994132041931,
    0.8844736814498901,
    0.847520112991333,
    0.8269051909446716,
    0.8287507891654968,
    0.7827180027961731,
    0.768938422203064,
    0.751964807510376,
    0.6992011666297913,
    0.6851451992988586
  ],
  "accuracy": [
    0.2325931340456009,
    0.2798519730567932,
    0.31072068214416504,
    0.3356921970844269,
    0.3483406603336334,
    0.361151784658432,
    0.3749796748161316,
    0.3903123438358307,
    0.38230031728744507,
    0.3880348205566406,
    0.38376444578170776,
    0.40113064646720886,
    0.4131690263748169,
    0.42227914929389954,
    0.4207743704319,
    0.43220269680023193,
    0.4390759766101837,
    0.45168375968933105,
    0.4597771167755127,
    0.4588417112827301,
    0.4629087448120117,
    0.48295918107032776,
    0.49036115407943726,
    0.49040183424949646,
    0.5088661313056946,
    0.5106149315834045,
    0.5200911164283752,
    0.5361965298652649,
    0.544533908367157,
    0.5557996034622192
  ],
  "val_loss": [
    1.7448546886444092,
    1.532516598701477,
    1.4887917041778564,
    1.3098170757293701,
    1.274336814880371,
    1.3252012729644775,
    1.2955292463302612,
    1.2521337270736694,
    1.2228364944458008,
    1.2401968240737915,
    1.2190970182418823,
    1.2093019485473633,
    1.192439317703247,
    1.2320257425308228,
    1.2070719003677368,
    1.2026623487472534,
    1.2099075317382812,
    1.1798862218856812,
    1.2337113618850708,
    1.1809594631195068,
    1.1774510145187378,
    1.1625150442123413,
    1.2065445184707642,
    1.1716290712356567,
    1.215916395187378,
    1.1845409870147705,
    1.1233651638031006,
    1.1582289934158325,
    1.1656653881072998,
    1.2161058187484741
  ],
  "val_accuracy": [
    0.2744353711605072,
    0.31372177600860596,
    0.36211803555488586,
    0.4220914840698242,
    0.4234200119972229,
    0.384323388338089,
    0.43158093094825745,
    0.4253178834915161,
    0.44923135638237,
    0.4122224450111389,
    0.3609793186187744,
    0.3520592153072357,
    0.4027329683303833,
    0.3651546835899353,
    0.3962801396846771,
    0.40766748785972595,
    0.4205731749534607,
    0.4220914840698242,
    0.4150692820549011,
    0.4266464114189148,
    0.4256974756717682,
    0.4460049271583557,
    0.42740556597709656,
    0.45226797461509705,
    0.4473334550857544,
    0.4473334550857544,
    0.486809641122818,
    0.4731447994709015,
    0.48567089438438416,
    0.4674511253833771
  ],
  "lr": [
    9.999999747378752e-05,
    9.999999747378752e-05,
    9.999999747378752e-05,
    9.999999747378752e-05,
    9.999999747378752e-05,
    9.999999747378752e-05,
    9.999999747378752e-05,
    9.999999747378752e-05,
    9.999999747378752e-05,
    9.999999747378752e-05,
    9.999999747378752e-05,
    9.999999747378752e-05,
    9.999999747378752e-05,
    9.999999747378752e-05,
    9.999999747378752e-05,
    9.999999747378752e-05,
    9.999999747378752e-05,
    9.999999747378752e-05,
    9.999999747378752e-05,
    9.999999747378752e-05,
    9.999999747378752e-05,
    9.999999747378752e-05,
    9.999999747378752e-05,
    9.999999747378752e-05,
    9.999999747378752e-05,
    9.999999747378752e-05,
    9.999999747378752e-05,
    9.999999747378752e-05,
    9.999999747378752e-05,
    9.999999747378752e-05
  ]
}