{
  "model_name": "resnext50",
  "total_samples": 5269,
  "accuracy": 0.7447333459859556,
  "precision_macro": 0.47686081797343105,
  "recall_macro": 0.3303992682268318,
  "f1_macro": 0.34359138178402193,
  "precision_weighted": 0.6782228995074603,
  "recall_weighted": 0.7447333459859556,
  "f1_weighted": 0.6795146832715933,
  "per_class": {
    "No_DR": {
      "precision": 0.7748810262776743,
      "recall": 0.9672004132231405,
      "f1": 0.8604250430786904,
      "support": 3872
    },
    "Mild": {
      "precision": 0.4,
      "recall": 0.00546448087431694,
      "f1": 0.010781671159029648,
      "support": 366
    },
    "Moderate": {
      "precision": 0.4197080291970803,
      "recall": 0.14483627204030228,
      "f1": 0.21535580524344572,
      "support": 794
    },
    "Severe": {
      "precision": 0.39436619718309857,
      "recall": 0.21374045801526717,
      "f1": 0.27722772277227725,
      "support": 131
    },
    "Proliferative": {
      "precision": 0.3953488372093023,
      "recall": 0.32075471698113206,
      "f1": 0.3541666666666667,
      "support": 106
    }
  },
  "confusion_matrix": [
    [
      3745,
      3,
      89,
      10,
      25
    ],
    [
      349,
      2,
      11,
      3,
      1
    ],
    [
      635,
      0,
      115,
      24,
      20
    ],
    [
      62,
      0,
      35,
      28,
      6
    ],
    [
      42,
      0,
      24,
      6,
      34
    ]
  ]
}