{
  "loss": [
    0.7865604758262634,
    0.5848817229270935,
    0.5557699799537659,
    0.5357502698898315,
    0.5224004983901978,
    0.5149998068809509,
    0.5073448419570923,
    0.5042675733566284,
    0.49278730154037476,
    0.49161526560783386,
    0.48235607147216797,
    0.48113372921943665,
    0.4703233242034912,
    0.47040432691574097,
    0.4627866744995117,
    0.4572688043117523,
    0.4502849280834198,
    0.43551838397979736,
    0.42532259225845337,
    0.41635459661483765,
    0.41767385601997375,
    0.41016483306884766,
    0.41101592779159546,
    0.4029257297515869,
    0.40610837936401367,
    0.40239328145980835,
    0.400210440158844,
    0.39243045449256897,
    0.38880443572998047,
    0.389566034078598,
    0.37808915972709656,
    0.3774220943450928,
    0.3728673458099365,
    0.37341395020484924,
    0.36612042784690857
  ],
  "accuracy": [
    0.586383581161499,
    0.6923702359199524,
    0.7107532024383545,
    0.7177078127861023,
    0.7221001982688904,
    0.7252318263053894,
    0.73003089427948,
    0.7310476899147034,
    0.7302342653274536,
    0.7299902439117432,
    0.7336505651473999,
    0.7332845330238342,
    0.732227087020874,
    0.7355213761329651,
    0.7361314296722412,
    0.7372702360153198,
    0.7388970255851746,
    0.7433300614356995,
    0.7421099543571472,
    0.7446315288543701,
    0.7446721792221069,
    0.7458922863006592,
    0.7439808249473572,
    0.7456076145172119,
    0.746217668056488,
    0.7450382113456726,
    0.7423539757728577,
    0.7475191354751587,
    0.7454042434692383,
    0.746217668056488,
    0.7515047788619995,
    0.7507320642471313,
    0.7521148324012756,
    0.7495119571685791,
    0.7551651000976562
  ],
  "val_loss": [
    0.6204718947410583,
    0.5918603539466858,
    0.568757951259613,
    0.5568881630897522,
    0.5753178000450134,
    0.5918904542922974,
    0.5239102840423584,
    0.5370503664016724,
    0.5673156380653381,
    0.5108184218406677,
    0.5641124248504639,
    0.5025301575660706,
    0.522903561592102,
    0.5597177743911743,
    0.5121404528617859,
    0.5184351205825806,
    0.5377363562583923,
    0.544486403465271,
    0.4983330965042114,
    0.4978139400482178,
    0.47850412130355835,
    0.48650550842285156,
    0.5239019393920898,
    0.504876434803009,
    0.478240430355072,
    0.5200096368789673,
    0.48662763833999634,
    0.5208827257156372,
    0.5245714783668518,
    0.5333607792854309,
    0.49865373969078064,
    0.5030034780502319,
    0.5005277991294861,
    0.498360276222229,
    0.49086180329322815
  ],
  "val_accuracy": [
    0.7124691605567932,
    0.7236667275428772,
    0.7249952554702759,
    0.7367621660232544,
    0.723856508731842,
    0.7342949509620667,
    0.7396090626716614,
    0.732966423034668,
    0.7346745133399963,
    0.7363826036453247,
    0.7293604016304016,
    0.7407477498054504,
    0.735054075717926,
    0.7333459854125977,
    0.7407477498054504,
    0.7375213503837585,
    0.7356234788894653,
    0.7352438569068909,
    0.7384703159332275,
    0.7375213503837585,
    0.7396090626716614,
    0.7405579686164856,
    0.735054075717926,
    0.736003041267395,
    0.7409375309944153,
    0.7346745133399963,
    0.7373315691947937,
    0.7337255477905273,
    0.7341051697731018,
    0.7333459854125977,
    0.736952006816864,
    0.7382805347442627,
    0.736952006816864,
    0.736952006816864,
    0.7361928224563599
  ],
  "lr": [
    0.0010000000474974513,
    0.0010000000474974513,
    0.0010000000474974513,
    0.0010000000474974513,
    0.0010000000474974513,
    0.0010000000474974513,
    0.0010000000474974513,
    0.0010000000474974513,
    0.0010000000474974513,
    0.0010000000474974513,
    0.0010000000474974513,
    0.0010000000474974513,
    0.0010000000474974513,
    0.0010000000474974513,
    0.0010000000474974513,
    0.0010000000474974513,
    0.0010000000474974513,
    0.0005000000237487257,
    0.0005000000237487257,
    0.0005000000237487257,
    0.0005000000237487257,
    0.0005000000237487257,
    0.0005000000237487257,
    0.0005000000237487257,
    0.0005000000237487257,
    0.0005000000237487257,
    0.0005000000237487257,
    0.0005000000237487257,
    0.0005000000237487257,
    0.0005000000237487257,
    0.0002500000118743628,
    0.0002500000118743628,
    0.0002500000118743628,
    0.0002500000118743628,
    0.0002500000118743628
  ]
}