{
  "model_name": "vgg16",
  "total_samples": 5269,
  "accuracy": 0.7500474473334598,
  "precision_macro": 0.4047395243666501,
  "recall_macro": 0.3079911893360227,
  "f1_macro": 0.3234503339038223,
  "precision_weighted": 0.6548736667826784,
  "recall_weighted": 0.7500474473334598,
  "f1_weighted": 0.6771364858189396,
  "per_class": {
    "No_DR": {
      "precision": 0.7715097402597403,
      "recall": 0.9819214876033058,
      "f1": 0.8640909090909091,
      "support": 3872
    },
    "Mild": {
      "precision": 0.0,
      "recall": 0.0,
      "f1": 0.0,
      "support": 366
    },
    "Moderate": {
      "precision": 0.4672897196261682,
      "recall": 0.12594458438287154,
      "f1": 0.19841269841269843,
      "support": 794
    },
    "Severe": {
      "precision": 0.36065573770491804,
      "recall": 0.16793893129770993,
      "f1": 0.22916666666666666,
      "support": 131
    },
    "Proliferative": {
      "precision": 0.42424242424242425,
      "recall": 0.2641509433962264,
      "f1": 0.3255813953488372,
      "support": 106
    }
  },
  "confusion_matrix": [
    [
      3802,
      0,
      47,
      6,
      17
    ],
    [
      355,
      0,
      9,
      1,
      1
    ],
    [
      655,
      0,
      100,
      26,
      13
    ],
    [
      61,
      0,
      41,
      22,
      7
    ],
    [
      55,
      0,
      17,
      6,
      28
    ]
  ]
}