{
  "model_name": "vgg16",
  "total_samples": 5269,
  "accuracy": 0.7265135699373695,
  "precision_macro": 0.23411283855446624,
  "recall_macro": 0.21741429611451238,
  "f1_macro": 0.19978648020039785,
  "precision_weighted": 0.5918027778880114,
  "recall_weighted": 0.7265135699373695,
  "f1_weighted": 0.6311568151256401,
  "per_class": {
    "No_DR": {
      "precision": 0.7419354838709677,
      "recall": 0.9801136363636364,
      "f1": 0.8445532435740514,
      "support": 3872
    },
    "Mild": {
      "precision": 0.0,
      "recall": 0.0,
      "f1": 0.0,
      "support": 366
    },
    "Moderate": {
      "precision": 0.29069767441860467,
      "recall": 0.031486146095717885,
      "f1": 0.056818181818181816,
      "support": 794
    },
    "Severe": {
      "precision": 0.0,
      "recall": 0.0,
      "f1": 0.0,
      "support": 131
    },
    "Proliferative": {
      "precision": 0.13793103448275862,
      "recall": 0.07547169811320754,
      "f1": 0.0975609756097561,
      "support": 106
    }
  },
  "confusion_matrix": [
    [
      3795,
      0,
      43,
      4,
      30
    ],
    [
      364,
      0,
      0,
      0,
      2
    ],
    [
      756,
      0,
      25,
      3,
      10
    ],
    [
      120,
      0,
      3,
      0,
      8
    ],
    [
      80,
      0,
      15,
      3,
      8
    ]
  ]
}