{
  "loss": [
    1.605444312095642,
    1.5484849214553833,
    1.5165711641311646,
    1.4929808378219604,
    1.4826853275299072,
    1.4661201238632202,
    1.4472523927688599,
    1.4394932985305786,
    1.4417362213134766,
    1.4314042329788208,
    1.401549220085144,
    1.3925409317016602,
    1.3918962478637695,
    1.3892501592636108,
    1.385094165802002
  ],
  "accuracy": [
    0.14356596767902374,
    0.21437285840511322,
    0.22112412750720978,
    0.2932731509208679,
    0.28737595677375793,
    0.25028470158576965,
    0.32023751735687256,
    0.2732633948326111,
    0.24097120761871338,
    0.29982104897499084,
    0.3021392524242401,
    0.3228810727596283,
    0.344314306974411,
    0.2912802994251251,
    0.28884008526802063
  ],
  "val_loss": [
    1.3812874555587769,
    1.6452536582946777,
    1.3337448835372925,
    1.6991729736328125,
    1.0834527015686035,
    2.088657855987549,
    1.0994337797164917,
    1.1006462574005127,
    1.1633527278900146,
    1.154405117034912,
    1.185016393661499,
    1.3791229724884033,
    2.078063726425171,
    1.8096872568130493,
    2.1808884143829346
  ],
  "val_accuracy": [
    0.4158284366130829,
    0.1827671229839325,
    0.08958056569099426,
    0.19016891717910767,
    0.7286012768745422,
    0.020497247576713562,
    0.7337255477905273,
    0.6995635032653809,
    0.7333459854125977,
    0.6906433701515198,
    0.07534636557102203,
    0.5581704378128052,
    0.10969823598861694,
    0.1263996958732605,
    0.0859745666384697
  ],
  "lr": [
    0.0010000000474974513,
    0.0010000000474974513,
    0.0010000000474974513,
    0.0010000000474974513,
    0.0010000000474974513,
    0.0010000000474974513,
    0.0010000000474974513,
    0.0010000000474974513,
    0.0010000000474974513,
    0.0010000000474974513,
    0.0005000000237487257,
    0.0005000000237487257,
    0.0005000000237487257,
    0.0005000000237487257,
    0.0005000000237487257
  ]
}