{
  "model_name": "vgg16",
  "training_date": "2026-01-05T19:01:41.645149",
  "epochs": 30,
  "learning_rate": 0.0001,
  "input_shape": [
    224,
    224,
    3
  ],
  "num_classes": 5,
  "final_metrics": {
    "train_loss": 0.5120140314102173,
    "train_accuracy": 0.7211241126060486,
    "val_loss": 0.5463213324546814,
    "val_accuracy": 0.7426456809043884
  }
}