{
  "loss": [
    1.2159672975540161,
    0.873785138130188,
    0.7616682052612305,
    0.705245316028595,
    0.6804696917533875,
    0.6513742804527283,
    0.6239018440246582,
    0.6066010594367981,
    0.5934587717056274,
    0.5718489289283752,
    0.566217303276062,
    0.5632877349853516,
    0.5541390776634216,
    0.5450579524040222,
    0.5384050011634827,
    0.523440420627594,
    0.5222570896148682,
    0.5172306895256042,
    0.5175159573554993,
    0.5120140314102173
  ],
  "accuracy": [
    0.3386611342430115,
    0.5537254214286804,
    0.6293314099311829,
    0.6511306166648865,
    0.6670327186584473,
    0.6720758080482483,
    0.6852123141288757,
    0.6888319253921509,
    0.6922482252120972,
    0.6989995241165161,
    0.7024158239364624,
    0.700585663318634,
    0.7025378346443176,
    0.710509181022644,
    0.7114039659500122,
    0.7111599445343018,
    0.7164064049720764,
    0.7185618877410889,
    0.7154303193092346,
    0.7211241126060486
  ],
  "val_loss": [
    5.420382499694824,
    1.2973406314849854,
    0.6275803446769714,
    0.4383026659488678,
    0.49248918890953064,
    0.4605485200881958,
    1.2091037034988403,
    1.5208592414855957,
    0.7914250493049622,
    0.43455663323402405,
    0.7890753746032715,
    0.6274116635322571,
    0.8882014751434326,
    0.6228346824645996,
    0.528583288192749,
    0.4998791515827179,
    0.5379971265792847,
    0.4409039318561554,
    0.46606695652008057,
    0.5463213324546814
  ],
  "val_accuracy": [
    0.020876826718449593,
    0.5860694646835327,
    0.7052571773529053,
    0.7342949509620667,
    0.7361928224563599,
    0.7388498783111572,
    0.5323590636253357,
    0.5251470804214478,
    0.6955779194831848,
    0.7407477498054504,
    0.7069652676582336,
    0.7303093671798706,
    0.6855190992355347,
    0.7367621660232544,
    0.7435945868492126,
    0.7454925179481506,
    0.743215024471283,
    0.7464414238929749,
    0.7466312646865845,
    0.7426456809043884
  ],
  "lr": [
    9.999999747378752e-05,
    9.999999747378752e-05,
    9.999999747378752e-05,
    9.999999747378752e-05,
    9.999999747378752e-05,
    9.999999747378752e-05,
    9.999999747378752e-05,
    9.999999747378752e-05,
    9.999999747378752e-05,
    4.999999873689376e-05,
    4.999999873689376e-05,
    4.999999873689376e-05,
    4.999999873689376e-05,
    4.999999873689376e-05,
    4.999999873689376e-05,
    2.499999936844688e-05,
    2.499999936844688e-05,
    2.499999936844688e-05,
    2.499999936844688e-05,
    2.499999936844688e-05
  ]
}